{
  "total": {
    "2025  год": {
      "plan": 2853438.0,
      "fact": 2118769.0,
      "percent_of_plan": 74.25319912330318,
      "difference": -734669.0
    },
    "2-е полугодие 2025": {
      "plan": 1572953.0,
      "fact": 1170117.0,
      "percent_of_plan": 74.38982601514476,
      "difference": -402836.0
    },
    "4 квартал 2025": {
      "plan": 796198.0,
      "fact": 644868.0,
      "percent_of_plan": 80.99342123441656,
      "difference": -151330.0
    },
    "декабрь 2025": {
      "plan": 265399.3333333333,
      "fact": 418.0,
      "percent_of_plan": 0.15749851167674375,
      "difference": -264981.3333333333
    }
  },
  "non_tariff": {
    "2025  год": {
      "plan": 900027.0,
      "fact": 177642.0,
      "percent_of_plan": 19.737407877763665,
      "difference": -722385.0
    },
    "2-е полугодие 2025": {
      "plan": 482806.0,
      "fact": 66950.0,
      "percent_of_plan": 13.866853353106631,
      "difference": -415856.0
    },
    "4 квартал 2025": {
      "plan": 374409.0,
      "fact": 30284.0,
      "percent_of_plan": 8.088480779041102,
      "difference": -344125.0
    },
    "декабрь 2025": {
      "plan": 124803.0,
      "fact": 418.0,
      "percent_of_plan": 0.33492784628574634,
      "difference": -124385.0
    }
  }
}